你的名字。,8.4,https://pan.baidu.com/s/1urHb83QG1CS5zmqZ8Z_Jjg,e31t
一一,9.0,https://pan.baidu.com/s/1unv9Uxw1tiz1Z9fWCerVqA,i06b
听说,8.1,https://pan.baidu.com/s/1uBMl9jSzTI33yLD4Q3hY6g,2333
小萝莉的猴神大叔,8.4,https://pan.baidu.com/s/1U9RSdlSK9_Ns2qF57a-P5g,w1nh
三块广告牌,8.7,https://pan.baidu.com/s/1tVw8aAH3QiGrMRyqLYWvMw,2333
熔炉,9.3,https://pan.baidu.com/s/1T4zl8uRkmxIIj9uLtzPLNw,2333
利刃出鞘,8.2,https://pan.baidu.com/s/1SgULtw25eEyvTGOVk6HnCA,sw6f
从宫本到你,7.4,https://pan.baidu.com/s/1RjCB_I_u5BwQgcWnywC2gg,3xuh
爱你，罗茜,7.5,https://pan.baidu.com/s/1r1YC8BQA07xi8RWvl0cnsA,2333
金钱帝国,6.5,https://pan.baidu.com/s/1QC3ZY6p8pdF4yVQFoLQC4Q,2333
荒蛮故事,8.8,https://pan.baidu.com/s/1PPZQq1kcMK2K7IrnXf3eOQ,1mas
校园情圣,8.1,https://pan.baidu.com/s/1Ng2NA20f8gdXJmq5mwO6xw,jfa3
老千,7.6,https://pan.baidu.com/s/1N6GnBGJG3K1ypVl5XLyLuA,2333
辩护人,9.2,https://pan.baidu.com/s/1mhIC1C0?fid=447985001649366,无
房间,8.8,https://pan.baidu.com/s/1m08O-rYR8VpiYKBgUsoPow,2333
半个喜剧,7.4,https://pan.baidu.com/s/1lZA9U6fkuLCBDz5vs-JU8A,lbts
爱尔兰人,8.9,https://pan.baidu.com/s/1lE39evveOK2yd2qiU5t2vw,h44m
贫民窟的百万富翁,8.6,https://pan.baidu.com/s/1LdecH9Wbw6S08IuTmK7Uxw,t784
热带雨,7.7,https://pan.baidu.com/s/1L-v_FRM1orCT3kExNbYggg,f1rp
爱乐之城,8.4,https://pan.baidu.com/s/1K-mGeFqUSqBl4HEGwqVg4Q,h9to
布达佩斯大饭店,8.8,https://pan.baidu.com/s/1JNmRqyXx4l11UR64Mtn-ZQ&shfl=sha,2333
萤火之森,8.9,https://pan.baidu.com/s/1i4gNTR1gyVfll4tt5kO5xg,5ke1
新世界,8.8,https://pan.baidu.com/s/1gMXcB2rM0UQTPGZJ7vjyAw,2333
盗梦空间,9.3,https://pan.baidu.com/s/1FurbcZQ3g0DhMU-441_DUw,2333
时光机,7.0,https://pan.baidu.com/s/1e48PFr9zCNsGiPasENsP_w,np97
我真正的天才女友,9.2,https://pan.baidu.com/s/1DXToH6QbjtoSpEzHZfVyhQ,m7ml
成为简·奥斯汀,8.2,https://pan.baidu.com/s/1Cmoi9bUrcehc8hrzGyAQAQ,w297
目击者之追凶,8.2,https://pan.baidu.com/s/1c_mmpfwom9vTfDaEf4AY3g,3aab
布鲁克林,7.8,https://pan.baidu.com/s/14H3_3RHUZuOUtCec1sbYnw,klzy
看不见的客人,8.8,https://pan.baidu.com/s/12nmzY2CVYYM2m1u-cWTdbw,4f7r