 推荐电影「霸王别姬」,推荐原因：豆瓣电影Top250,豆瓣评分：9.6,电影类型：爱情,上映年份：1993 
 推荐电影「霸王别姬」,推荐原因：豆瓣电影Top250,豆瓣评分：9.6,电影类型：爱情,上映年份：1993 
 推荐电影「霸王别姬」,推荐原因：豆瓣电影Top250,豆瓣评分：9.6,电影类型：爱情,上映年份：1993 
 推荐电影「霸王别姬」,推荐原因：豆瓣电影Top250,豆瓣评分：9.6,电影类型：爱情,上映年份：1993 
 推荐电影「霸王别姬」,推荐原因：豆瓣电影Top250,豆瓣评分：9.6,电影类型：爱情,上映年份：1993 
 推荐电影「霸王别姬」,推荐原因：豆瓣电影Top250,豆瓣评分：9.6,电影类型：爱情,上映年份：1993 
 推荐电影「霸王别姬」,推荐原因：豆瓣电影Top250,豆瓣评分：9.6,电影类型：爱情,上映年份：1993 
 推荐电影「霸王别姬」,推荐原因：豆瓣电影Top250,豆瓣评分：9.6,电影类型：爱情,上映年份：1993 
 推荐电影「霸王别姬」,推荐原因：豆瓣电影Top250,豆瓣评分：9.6,电影类型：爱情,上映年份：1993 
 推荐电影「霸王别姬」,推荐原因：豆瓣电影Top250,豆瓣评分：9.6,电影类型：爱情,上映年份：1993 
 推荐电影「霸王别姬」,推荐原因：豆瓣电影Top250,豆瓣评分：9.6,电影类型：爱情,上映年份：1993 
 推荐电影「霸王别姬」,推荐原因：豆瓣电影Top250,豆瓣评分：9.6,电影类型：爱情,上映年份：1993 
 推荐电影「霸王别姬」,推荐原因：豆瓣电影Top250,豆瓣评分：9.6,电影类型：爱情,上映年份：1993 
 推荐电影「霸王别姬」,推荐原因：豆瓣电影Top250,豆瓣评分：9.6,电影类型：爱情,上映年份：1993 
 推荐电影「霸王别姬」,推荐原因：豆瓣电影Top250,豆瓣评分：9.6,电影类型：爱情,上映年份：1993 
 推荐电影「霸王别姬」,推荐原因：豆瓣电影Top250,豆瓣评分：9.6,电影类型：爱情,上映年份：1993 
 推荐电影「霸王别姬」,推荐原因：豆瓣电影Top250,豆瓣评分：9.6,电影类型：爱情,上映年份：1993 
 推荐电影「霸王别姬」,推荐原因：豆瓣电影Top250,豆瓣评分：9.6,电影类型：爱情,上映年份：1993 
 推荐电影「霸王别姬」,推荐原因：豆瓣电影Top250,豆瓣评分：9.6,电影类型：爱情,上映年份：1993 
 推荐电影「霸王别姬」,推荐原因：豆瓣电影Top250,豆瓣评分：9.6,电影类型：爱情,上映年份：1993 
 推荐电影「霸王别姬」,推荐原因：豆瓣电影Top250,豆瓣评分：9.6,电影类型：爱情,上映年份：1993 
 推荐电影「霸王别姬」,推荐原因：豆瓣电影Top250,豆瓣评分：9.6,电影类型：爱情,上映年份：1993 
 推荐电影「霸王别姬」,推荐原因：豆瓣电影Top250,豆瓣评分：9.6,电影类型：爱情,上映年份：1993 
 推荐电影「霸王别姬」,推荐原因：豆瓣电影Top250,豆瓣评分：9.6,电影类型：爱情,上映年份：1993 
 推荐电影「霸王别姬」,推荐原因：豆瓣电影Top250,豆瓣评分：9.6,电影类型：爱情,上映年份：1993 
 推荐电影「霸王别姬」,推荐原因：豆瓣电影Top250,豆瓣评分：9.6,电影类型：爱情,上映年份：1993 
 推荐电影「霸王别姬」,推荐原因：豆瓣电影Top250,豆瓣评分：9.6,电影类型：爱情,上映年份：1993 
 推荐电影「霸王别姬」,推荐原因：豆瓣电影Top250,豆瓣评分：9.6,电影类型：爱情,上映年份：1993 
 推荐电影「霸王别姬」,推荐原因：豆瓣电影Top250,豆瓣评分：9.6,电影类型：爱情,上映年份：1993 
 推荐电影「霸王别姬」,推荐原因：豆瓣电影Top250,豆瓣评分：9.6,电影类型：爱情,上映年份：1993 
 推荐电影「霸王别姬」,推荐原因：豆瓣电影Top250,豆瓣评分：9.6,电影类型：爱情,上映年份：1993 
 推荐电影「霸王别姬」,推荐原因：豆瓣电影Top250,豆瓣评分：9.6,电影类型：爱情,上映年份：1993 
 推荐电影「霸王别姬」,推荐原因：豆瓣电影Top250,豆瓣评分：9.6,电影类型：爱情,上映年份：1993 
 推荐电影「霸王别姬」,推荐原因：豆瓣电影Top250,豆瓣评分：9.6,电影类型：爱情,上映年份：1993 
 推荐电影「霸王别姬」,推荐原因：豆瓣电影Top250,豆瓣评分：9.6,电影类型：爱情,上映年份：1993 
 推荐电影「霸王别姬」,推荐原因：豆瓣电影Top250,豆瓣评分：9.6,电影类型：爱情,上映年份：1993 
 推荐电影「霸王别姬」,推荐原因：豆瓣电影Top250,豆瓣评分：9.6,电影类型：爱情,上映年份：1993 
 推荐电影「霸王别姬」,推荐原因：豆瓣电影Top250,豆瓣评分：9.6,电影类型：爱情,上映年份：1993 
 推荐电影「霸王别姬」,推荐原因：豆瓣电影Top250,豆瓣评分：9.6,电影类型：爱情,上映年份：1993 
 推荐电影「霸王别姬」,推荐原因：豆瓣电影Top250,豆瓣评分：9.6,电影类型：爱情,上映年份：1993 
 推荐电影「霸王别姬」,推荐原因：豆瓣电影Top250,豆瓣评分：9.6,电影类型：爱情,上映年份：1993 
 推荐电影「霸王别姬」,推荐原因：豆瓣电影Top250,豆瓣评分：9.6,电影类型：爱情,上映年份：1993 
 推荐电影「霸王别姬」,推荐原因：豆瓣电影Top250,豆瓣评分：9.6,电影类型：爱情,上映年份：1993 
 推荐电影「霸王别姬」,推荐原因：豆瓣电影Top250,豆瓣评分：9.6,电影类型：爱情,上映年份：1993 
 推荐电影「霸王别姬」,推荐原因：豆瓣电影Top250,豆瓣评分：9.6,电影类型：爱情,上映年份：1993 
 推荐电影「霸王别姬」,推荐原因：豆瓣电影Top250,豆瓣评分：9.6,电影类型：爱情,上映年份：1993 
 推荐电影「霸王别姬」,推荐原因：豆瓣电影Top250,豆瓣评分：9.6,电影类型：爱情,上映年份：1993 
 推荐电影「霸王别姬」,推荐原因：豆瓣电影Top250,豆瓣评分：9.6,电影类型：爱情,上映年份：1993 
 推荐电影「霸王别姬」,推荐原因：豆瓣电影Top250,豆瓣评分：9.6,电影类型：爱情,上映年份：1993 
 推荐电影「霸王别姬」,推荐原因：豆瓣电影Top250,豆瓣评分：9.6,电影类型：爱情,上映年份：1993 
 推荐电影「霸王别姬」,推荐原因：豆瓣电影Top250,豆瓣评分：9.6,电影类型：爱情,上映年份：1993 
 推荐电影「霸王别姬」,推荐原因：豆瓣电影Top250,豆瓣评分：9.6,电影类型：爱情,上映年份：1993 
 推荐电影「霸王别姬」,推荐原因：豆瓣电影Top250,豆瓣评分：9.6,电影类型：爱情,上映年份：1993 
 推荐电影「霸王别姬」,推荐原因：豆瓣电影Top250,豆瓣评分：9.6,电影类型：爱情,上映年份：1993 
 推荐电影「霸王别姬」,推荐原因：豆瓣电影Top250,豆瓣评分：9.6,电影类型：爱情,上映年份：1993 
 推荐电影「霸王别姬」,推荐原因：豆瓣电影Top250,豆瓣评分：9.6,电影类型：爱情,上映年份：1993 
 推荐电影「霸王别姬」,推荐原因：豆瓣电影Top250,豆瓣评分：9.6,电影类型：爱情,上映年份：1993 
 推荐电影「霸王别姬」,推荐原因：豆瓣电影Top250,豆瓣评分：9.6,电影类型：爱情,上映年份：1993 
 推荐电影「霸王别姬」,推荐原因：豆瓣电影Top250,豆瓣评分：9.6,电影类型：爱情,上映年份：1993 
 推荐电影「霸王别姬」,推荐原因：豆瓣电影Top250,豆瓣评分：9.6,电影类型：爱情,上映年份：1993 
 推荐电影「霸王别姬」,推荐原因：豆瓣电影Top250,豆瓣评分：9.6,电影类型：爱情,上映年份：1993 
 推荐电影「霸王别姬」,推荐原因：豆瓣电影Top250,豆瓣评分：9.6,电影类型：爱情,上映年份：1993 
 推荐电影「霸王别姬」,推荐原因：豆瓣电影Top250,豆瓣评分：9.6,电影类型：爱情,上映年份：1993 
 推荐电影「霸王别姬」,推荐原因：豆瓣电影Top250,豆瓣评分：9.6,电影类型：爱情,上映年份：1993 
 推荐电影「霸王别姬」,推荐原因：豆瓣电影Top250,豆瓣评分：9.6,电影类型：爱情,上映年份：1993 
 推荐电影「霸王别姬」,推荐原因：豆瓣电影Top250,豆瓣评分：9.6,电影类型：爱情,上映年份：1993 
 推荐电影「霸王别姬」,推荐原因：豆瓣电影Top250,豆瓣评分：9.6,电影类型：爱情,上映年份：1993 
 推荐电影「霸王别姬」,推荐原因：豆瓣电影Top250,豆瓣评分：9.6,电影类型：爱情,上映年份：1993 
 推荐电影「霸王别姬」,推荐原因：豆瓣电影Top250,豆瓣评分：9.6,电影类型：爱情,上映年份：1993 
 推荐电影「霸王别姬」,推荐原因：豆瓣电影Top250,豆瓣评分：9.6,电影类型：爱情,上映年份：1993 
 推荐电影「霸王别姬」,推荐原因：豆瓣电影Top250,豆瓣评分：9.6,电影类型：爱情,上映年份：1993 
 推荐电影「霸王别姬」,推荐原因：豆瓣电影Top250,豆瓣评分：9.6,电影类型：爱情,上映年份：1993 
 推荐电影「霸王别姬」,推荐原因：豆瓣电影Top250,豆瓣评分：9.6,电影类型：爱情,上映年份：1993 
 推荐电影「霸王别姬」,推荐原因：豆瓣电影Top250,豆瓣评分：9.6,电影类型：爱情,上映年份：1993 
 推荐电影「霸王别姬」,推荐原因：豆瓣电影Top250,豆瓣评分：9.6,电影类型：爱情,上映年份：1993 
 推荐电影「霸王别姬」,推荐原因：豆瓣电影Top250,豆瓣评分：9.6,电影类型：爱情,上映年份：1993 
 推荐电影「霸王别姬」,推荐原因：豆瓣电影Top250,豆瓣评分：9.6,电影类型：爱情,上映年份：1993 
 推荐电影「霸王别姬」,推荐原因：豆瓣电影Top250,豆瓣评分：9.6,电影类型：爱情,上映年份：1993 
 推荐电影「霸王别姬」,推荐原因：豆瓣电影Top250,豆瓣评分：9.6,电影类型：爱情,上映年份：1993 
 推荐电影「霸王别姬」,推荐原因：豆瓣电影Top250,豆瓣评分：9.6,电影类型：爱情,上映年份：1993 
 推荐电影「霸王别姬」,推荐原因：豆瓣电影Top250,豆瓣评分：9.6,电影类型：爱情,上映年份：1993 
 推荐电影「霸王别姬」,推荐原因：豆瓣电影Top250,豆瓣评分：9.6,电影类型：爱情,上映年份：1993 
 推荐电影「霸王别姬」,推荐原因：豆瓣电影Top250,豆瓣评分：9.6,电影类型：爱情,上映年份：1993 
 推荐电影「霸王别姬」,推荐原因：豆瓣电影Top250,豆瓣评分：9.6,电影类型：爱情,上映年份：1993 
 推荐电影「霸王别姬」,推荐原因：豆瓣电影Top250,豆瓣评分：9.6,电影类型：爱情,上映年份：1993 
 推荐电影「霸王别姬」,推荐原因：豆瓣电影Top250,豆瓣评分：9.6,电影类型：爱情,上映年份：1993 
 推荐电影「霸王别姬」,推荐原因：豆瓣电影Top250,豆瓣评分：9.6,电影类型：爱情,上映年份：1993 
 推荐电影「霸王别姬」,推荐原因：豆瓣电影Top250,豆瓣评分：9.6,电影类型：爱情,上映年份：1993 
 推荐电影「霸王别姬」,推荐原因：豆瓣电影Top250,豆瓣评分：9.6,电影类型：爱情,上映年份：1993 
 推荐电影「霸王别姬」,推荐原因：豆瓣电影Top250,豆瓣评分：9.6,电影类型：爱情,上映年份：1993 
 推荐电影「霸王别姬」,推荐原因：豆瓣电影Top250,豆瓣评分：9.6,电影类型：爱情,上映年份：1993 
 推荐电影「霸王别姬」,推荐原因：豆瓣电影Top250,豆瓣评分：9.6,电影类型：爱情,上映年份：1993 